EMP_ID,MACROSEGMENT,REGION,MAPPEDMARKETSEGMENT,MAPPEDSELLINGROLE,SNAP_MONTH
100248,CMRCL,AMER,MM,Revenue Cloud AE,2023-09-01
100266,CMRCL,AMER,GB,Revenue Cloud AE,2023-09-01
100822,CMRCL,AMER,MM,Salesperson,2023-09-01
101004,CMRCL,AMER,GB,Revenue Cloud AE,2023-09-01
102956,CMRCL,AMER,GB,Salesperson,2023-09-01
700623,CMRCL,AMER,GB,Salesperson,2023-09-01
700957,CMRCL,AMER,MM,Sales Performance Management AE,2023-09-01
702466,CMRCL,AMER,MM,Service Cloud AE,2023-09-01
702888,CMRCL,EMEA,MM,Salesperson,2023-09-01
702921,CMRCL,AMER,SB,Salesperson,2023-09-01
703310,CMRCL,AMER,MM,Salesperson,2023-09-01
712205,CMRCL,AMER,GB,Salesperson,2023-09-01
712458,CMRCL,AMER,MM,Salesperson,2023-09-01
713244,CMRCL,AMER,GB,Salesperson,2023-09-01
713342,CMRCL,JAPAN,MM,Salesperson,2023-09-01
713709,CMRCL,AMER,MM,Salesperson,2023-09-01
713891,CMRCL,AMER,MM,Salesperson,2023-09-01
714958,CMRCL,AMER,MM,Regional MC AE,2023-09-01
715746,CMRCL,AMER,GB,Regional MC AE,2023-09-01
716642,CMRCL,AMER,GB,Regional MC AE,2023-09-01
716800,CMRCL,AMER,MM,Salesperson,2023-09-01
719869,CMRCL,AMER,GB,MuleSoft AE,2023-09-01
721049,CMRCL,AMER,GB,Salesperson,2023-09-01
721941,CMRCL,AMER,MM,Salesperson,2023-09-01
722778,CMRCL,AMER,GB,Service Cloud AE,2023-09-01
722821,CMRCL,AMER,MM,Salesperson,2023-09-01
723862,CMRCL,AMER,MM,Digital AE,2023-09-01
724318,CMRCL,AMER,GB,Salesperson,2023-09-01
724447,CMRCL,AMER,GB,Revenue Cloud AE,2023-09-01
725127,CMRCL,AMER,GB,Salesperson,2023-09-01
725822,CMRCL,AMER,GB,Salesperson,2023-09-01
726176,CMRCL,AMER,GB,Regional MC AE,2023-09-01
726887,CMRCL,AMER,GB,Salesperson,2023-09-01
727463,CMRCL,EMEA,MM,Salesperson,2023-09-01
727511,CMRCL,AMER,MM,Salesperson,2023-09-01
727871,CMRCL,AMER,GB,Service Cloud AE,2023-09-01
728152,CMRCL,AMER,MM,Salesperson,2023-09-01
728241,CMRCL,AMER,MM,Salesperson,2023-09-01
729069,CMRCL,AMER,MM,Regional MC AE,2023-09-01
729428,CMRCL,AMER,GB,Salesperson,2023-09-01
729497,CMRCL,AMER,MM,Regional MC AE,2023-09-01
730248,CMRCL,AMER,GB,Salesperson,2023-09-01
730397,CMRCL,AMER,MM,Salesperson,2023-09-01
730555,CMRCL,AMER,MM,Salesperson,2023-09-01
731482,CMRCL,AMER,MM,Salesperson,2023-09-01
731511,CMRCL,AMER,MM,Salesperson,2023-09-01
732374,CMRCL,AMER,MM,Sales Performance Management AE,2023-09-01
732525,CMRCL,AMER,GB,Regional MC AE,2023-09-01
732530,CMRCL,AMER,MM,Salesperson,2023-09-01
732709,CMRCL,AMER,MM,Salesperson,2023-09-01
733675,CMRCL,EMEA,GB,Salesperson,2023-09-01
734699,CMRCL,AMER,MM,Salesperson,2023-09-01
735557,CMRCL,UKI,GB,Regional MC AE,2023-09-01
735651,CMRCL,AMER,GB,Salesperson,2023-09-01
736039,CMRCL,AMER,MM,Regional MC AE,2023-09-01
736108,CMRCL,AMER,GB,Salesperson,2023-09-01
736139,CMRCL,AMER,MM,Salesperson,2023-09-01
736736,CMRCL,EMEA,MM,Salesperson,2023-09-01
737728,CMRCL,AMER,MM,Commerce Cloud AE,2023-09-01
738635,CMRCL,AMER,MM,Salesperson,2023-09-01
738705,CMRCL,AMER,MM,Salesperson,2023-09-01
738738,CMRCL,AMER,MM,Salesperson,2023-09-01
739247,CMRCL,AMER,GB,Salesperson,2023-09-01
739453,CMRCL,AMER,GB,Salesperson,2023-09-01
739564,CMRCL,AMER,MM,Service Cloud AE,2023-09-01
740448,CMRCL,AMER,MM,Salesperson,2023-09-01
740596,CMRCL,AMER,MM,Salesperson,2023-09-01
740772,CMRCL,AMER,MM,Salesperson,2023-09-01
740823,CMRCL,AMER,GB,Regional MC AE,2023-09-01
741215,CMRCL,UKI,MM,Salesperson,2023-09-01
743318,CMRCL,AMER,MM,Salesperson,2023-09-01
743871,CMRCL,AMER,MM,Salesperson,2023-09-01
744821,CMRCL,AMER,GB,Salesperson,2023-09-01
745028,CMRCL,AMER,MM,Salesperson,2023-09-01
745214,CMRCL,JAPAN,MM,Salesperson,2023-09-01
745531,CMRCL,JAPAN,MM,Service Cloud AE,2023-09-01
745538,CMRCL,AMER,MM,Salesperson,2023-09-01
745685,CMRCL,AMER,GB,Platform AE,2023-09-01
745809,CMRCL,AMER,MM,Salesperson,2023-09-01
745872,CMRCL,AMER,MM,Salesperson,2023-09-01
746096,CMRCL,AMER,GB,Platform AE,2023-09-01
746179,CMRCL,AMER,GB,Salesperson,2023-09-01
746195,CMRCL,AMER,GB,Revenue Cloud AE,2023-09-01
746491,CMRCL,AMER,MM,Salesperson,2023-09-01
746627,CMRCL,AMER,MM,Salesperson,2023-09-01
746662,CMRCL,AMER,GB,Service Cloud AE,2023-09-01
746959,CMRCL,AMER,MM,Order Management AE,2023-09-01
747151,CMRCL,JAPAN,GB,Salesperson,2023-09-01
747377,CMRCL,AMER,GB,MuleSoft Automation AE,2023-09-01
747898,CMRCL,LATAM,GB,Salesperson,2023-09-01
747977,CMRCL,AMER,MM,Salesperson,2023-09-01
748002,CMRCL,AMER,MM,Salesperson,2023-09-01
748115,CMRCL,AMER,GB,Revenue Cloud AE,2023-09-01
748184,CMRCL,AMER,MM,Salesperson,2023-09-01
748259,CMRCL,AMER,MM,Salesperson,2023-09-01
748307,CMRCL,AMER,GB,Salesperson,2023-09-01
748506,CMRCL,AMER,MM,Service Cloud AE,2023-09-01
748520,CMRCL,AMER,MM,Service Cloud AE,2023-09-01
749579,CMRCL,AMER,GB,MuleSoft AE,2023-09-01
750167,CMRCL,AMER,MM,Digital AE,2023-09-01
750845,CMRCL,AMER,MM,Regional MC AE,2023-09-01
750966,CMRCL,AMER,GB,Salesperson,2023-09-01
750975,CMRCL,AMER,GB,Revenue Cloud AE,2023-09-01
750977,CMRCL,AMER,MM,Salesperson,2023-09-01
751134,CMRCL,AMER,GB,Commerce Cloud AE,2023-09-01
752004,CMRCL,AMER,MM,Salesperson,2023-09-01
752340,CMRCL,AMER,GB,Salesperson,2023-09-01
752791,CMRCL,AMER,GB,Revenue Cloud AE,2023-09-01
753173,CMRCL,AMER,MM,Salesperson,2023-09-01
753178,CMRCL,AMER,MM,Regional MC AE,2023-09-01
753193,CMRCL,AMER,MM,Service Cloud AE,2023-09-01
753239,CMRCL,AMER,MM,Salesperson,2023-09-01
753620,CMRCL,EMEA,GB,Salesperson,2023-09-01
753645,CMRCL,AMER,GB,Salesperson,2023-09-01
753828,CMRCL,AMER,GB,Salesperson,2023-09-01
754381,CMRCL,AMER,MM,Service Cloud AE,2023-09-01
754825,CMRCL,EMEA,GB,Salesperson,2023-09-01
755662,CMRCL,AMER,GB,Salesperson,2023-09-01
755724,CMRCL,AMER,MM,Regional MC AE,2023-09-01
756092,CMRCL,AMER,MM,Salesperson,2023-09-01
756121,CMRCL,AMER,GB,Salesperson,2023-09-01
756278,CMRCL,AMER,GB,Salesperson,2023-09-01
756449,CMRCL,EMEA,GB,Salesperson,2023-09-01
756512,CMRCL,JAPAN,GB,Salesperson,2023-09-01
756698,CMRCL,AMER,MM,Salesperson,2023-09-01
756862,CMRCL,AMER,MM,Salesperson,2023-09-01
756995,CMRCL,AMER,MM,Salesperson,2023-09-01
757866,CMRCL,AMER,GB,Salesperson,2023-09-01
757997,CMRCL,AMER,MM,Salesperson,2023-09-01
758342,CMRCL,AMER,MM,Salesperson,2023-09-01
758592,CMRCL,AMER,MM,Salesperson,2023-09-01
758651,CMRCL,AMER,MM,Salesperson,2023-09-01
758723,CMRCL,AMER,GB,Salesperson,2023-09-01
759021,CMRCL,AMER,MM,Salesperson,2023-09-01
759449,CMRCL,AMER,GB,Salesperson,2023-09-01
759589,CMRCL,AMER,MM,Salesperson,2023-09-01
759615,CMRCL,AMER,GB,Salesperson,2023-09-01
760135,CMRCL,AMER,GB,Salesperson,2023-09-01
760139,CMRCL,LATAM,GB,Salesperson,2023-09-01
761177,CMRCL,AMER,GB,Sales Performance Management AE,2023-09-01
761187,CMRCL,AMER,GB,Salesperson,2023-09-01
761197,CMRCL,AMER,GB,Sales Performance Management AE,2023-09-01
761222,CMRCL,AMER,MM,Digital AE,2023-09-01
761531,CMRCL,AMER,MM,Salesperson,2023-09-01
761577,CMRCL,AMER,MM,Salesperson,2023-09-01
761952,CMRCL,AMER,MM,Salesperson,2023-09-01
762279,CMRCL,AMER,MM,Salesperson,2023-09-01
762581,CMRCL,AMER,GB,Revenue Cloud AE,2023-09-01
762923,CMRCL,AMER,GB,Salesperson,2023-09-01
762961,CMRCL,AMER,GB,Service Cloud AE,2023-09-01
762994,CMRCL,AMER,GB,Salesperson,2023-09-01
763239,CMRCL,LATAM,GB,Salesperson,2023-09-01
763537,CMRCL,LATAM,GB,Regional MC AE,2023-09-01
763599,CMRCL,AMER,GB,Salesperson,2023-09-01
763669,CMRCL,AMER,MM,Salesperson,2023-09-01
763770,CMRCL,AMER,MM,Salesperson,2023-09-01
764660,CMRCL,AMER,MM,Salesperson,2023-09-01
765619,CMRCL,AMER,GB,Salesperson,2023-09-01
765677,CMRCL,AMER,MM,Salesperson,2023-09-01
765692,CMRCL,AMER,MM,Salesperson,2023-09-01
765859,CMRCL,AMER,MM,Salesperson,2023-09-01
766015,CMRCL,AMER,GB,Salesperson,2023-09-01
766131,CMRCL,AMER,MM,Salesperson,2023-09-01
766212,CMRCL,AMER,MM,Salesperson,2023-09-01
766715,CMRCL,AMER,GB,Salesperson,2023-09-01
768081,CMRCL,AMER,MM,Salesperson,2023-09-01
768264,CMRCL,EMEA,GB,Salesperson,2023-09-01
768619,CMRCL,AMER,GB,Salesperson,2023-09-01
768626,CMRCL,AMER,MM,Salesperson,2023-09-01
769411,CMRCL,AMER,MM,Salesperson,2023-09-01
769543,CMRCL,AMER,MM,Salesperson,2023-09-01
769549,CMRCL,AMER,GB,Salesperson,2023-09-01
769931,CMRCL,AMER,MM,Salesperson,2023-09-01
770335,CMRCL,AMER,GB,Salesperson,2023-09-01
770546,CMRCL,AMER,GB,Salesperson,2023-09-01
770693,CMRCL,AMER,GB,Salesperson,2023-09-01
770837,CMRCL,AMER,MM,Salesperson,2023-09-01
770851,CMRCL,AMER,GB,Salesperson,2023-09-01
770890,CMRCL,JAPAN,MM,Tableau AE,2023-09-01
771114,CMRCL,AMER,MM,Regional MC AE,2023-09-01
771171,CMRCL,AMER,MM,Salesperson,2023-09-01
771180,CMRCL,AMER,GB,Salesperson,2023-09-01
771189,CMRCL,AMER,MM,Salesperson,2023-09-01
771292,CMRCL,AMER,GB,Salesperson,2023-09-01
771455,CMRCL,AMER,MM,Salesperson,2023-09-01
771612,CMRCL,AMER,GB,Tableau AE,2023-09-01
771848,CMRCL,AMER,MM,Salesperson,2023-09-01
771999,CMRCL,AMER,GB,Salesperson,2023-09-01
772164,CMRCL,AMER,GB,Regional MC AE,2023-09-01
772172,CMRCL,AMER,MM,Salesperson,2023-09-01
772681,CMRCL,AMER,GB,MuleSoft AE,2023-09-01
772859,CMRCL,AMER,GB,Salesperson,2023-09-01
772930,CMRCL,AMER,GB,Regional MC AE,2023-09-01
772982,CMRCL,AMER,MM,Regional MC AE,2023-09-01
773403,CMRCL,AMER,GB,Service Cloud AE,2023-09-01
773441,CMRCL,AMER,MM,Salesperson,2023-09-01
773721,CMRCL,AMER,GB,Salesperson,2023-09-01
773976,CMRCL,AMER,MM,Salesperson,2023-09-01
774124,CMRCL,AMER,GB,Salesperson,2023-09-01
774229,CMRCL,AMER,MM,Salesperson,2023-09-01
774235,CMRCL,AMER,MM,Salesperson,2023-09-01
774648,CMRCL,AMER,MM,Salesperson,2023-09-01
774695,CMRCL,AMER,GB,Salesperson,2023-09-01
775282,CMRCL,AMER,MM,Salesperson,2023-09-01
775765,CMRCL,AMER,GB,Tableau AE,2023-09-01
776366,CMRCL,AMER,GB,Salesperson,2023-09-01
776491,CMRCL,AMER,GB,Salesperson,2023-09-01
776613,CMRCL,AMER,GB,Salesperson,2023-09-01
776681,CMRCL,AMER,MM,Salesperson,2023-09-01
777374,CMRCL,AMER,MM,Regional MC AE,2023-09-01
777835,CMRCL,AMER,MM,Regional MC AE,2023-09-01
777843,CMRCL,AMER,MM,Salesperson,2023-09-01
779075,CMRCL,AMER,MM,Salesperson,2023-09-01
779253,CMRCL,AMER,GB,Regional MC AE,2023-09-01
779271,CMRCL,EMEA,GB,Salesperson,2023-09-01
779396,CMRCL,AMER,GB,Salesperson,2023-09-01
780395,CMRCL,AMER,MM,Tableau AE,2023-09-01
781150,CMRCL,JAPAN,MM,Tableau AE,2023-09-01
781645,CMRCL,UKI,MM,Salesperson,2023-09-01
782475,CMRCL,EMEA,GB,Salesperson,2023-09-01
784625,CMRCL,EMEA,GB,Salesperson,2023-09-01
785056,CMRCL,EMEA,MM,Salesperson,2023-09-01
785142,CMRCL,AMER,GB,Salesperson,2023-09-01
785213,CMRCL,AMER,MM,Salesperson,2023-09-01
785345,CMRCL,AMER,GB,Salesperson,2023-09-01
785433,CMRCL,EMEA,GB,Salesperson,2023-09-01
785513,CMRCL,AMER,MM,Salesperson,2023-09-01
785888,CMRCL,LATAM,GB,Regional MC AE,2023-09-01
785902,CMRCL,AMER,MM,Salesperson,2023-09-01
785933,CMRCL,AMER,MM,Salesperson,2023-09-01
786415,CMRCL,EMEA,GB,Regional MC AE,2023-09-01
786465,CMRCL,AMER,MM,Salesperson,2023-09-01
786628,CMRCL,AMER,GB,Salesperson,2023-09-01
786820,CMRCL,AMER,MM,Salesperson,2023-09-01
786821,CMRCL,AMER,MM,Salesperson,2023-09-01
786834,CMRCL,AMER,GB,Salesperson,2023-09-01
786841,CMRCL,AMER,MM,Salesperson,2023-09-01
786842,CMRCL,AMER,MM,Salesperson,2023-09-01
786843,CMRCL,AMER,MM,Salesperson,2023-09-01
786962,CMRCL,AMER,MM,Salesperson,2023-09-01
787134,CMRCL,AMER,GB,Salesperson,2023-09-01
787457,CMRCL,AMER,GB,Salesperson,2023-09-01
787775,CMRCL,AMER,MM,Salesperson,2023-09-01
788128,CMRCL,AMER,MM,Salesperson,2023-09-01
788398,CMRCL,LATAM,GB,Salesperson,2023-09-01
789038,CMRCL,AMER,MM,Salesperson,2023-09-01
789359,CMRCL,AMER,MM,Salesperson,2023-09-01
789512,CMRCL,AMER,MM,Salesperson,2023-09-01
789726,CMRCL,AMER,MM,Regional MC AE,2023-09-01
790164,CMRCL,AMER,MM,MuleSoft AE,2023-09-01
790205,CMRCL,AMER,MM,MuleSoft AE,2023-09-01
790696,CMRCL,AMER,GB,Salesperson,2023-09-01
791026,CMRCL,AMER,MM,Salesperson,2023-09-01
791086,CMRCL,AMER,GB,Salesperson,2023-09-01
791155,CMRCL,AMER,GB,Salesperson,2023-09-01
791826,CMRCL,AMER,MM,Salesperson,2023-09-01
792038,CMRCL,AMER,MM,Regional MC AE,2023-09-01
792224,CMRCL,AMER,MM,Salesperson,2023-09-01
792380,CMRCL,AMER,MM,Salesperson,2023-09-01
793093,CMRCL,AMER,MM,Salesperson,2023-09-01
793180,CMRCL,AMER,GB,Salesperson,2023-09-01
805901,CMRCL,AMER,GB,Regional MC AE,2023-09-01
805939,CMRCL,AMER,GB,Salesperson,2023-09-01
806067,CMRCL,AMER,GB,Revenue Cloud AE,2023-09-01
806070,CMRCL,AMER,MM,Salesperson,2023-09-01
806259,CMRCL,AMER,MM,Salesperson,2023-09-01
806699,CMRCL,LATAM,MM,Salesperson,2023-09-01
806996,CMRCL,AMER,MM,Salesperson,2023-09-01
807194,CMRCL,AMER,MM,Salesperson,2023-09-01
807499,CMRCL,AMER,GB,Salesperson,2023-09-01
808094,CMRCL,AMER,GB,Salesperson,2023-09-01
808210,CMRCL,LATAM,MM,Regional MC AE,2023-09-01
808629,CMRCL,AMER,GB,Salesperson,2023-09-01
809156,CMRCL,AMER,GB,Salesperson,2023-09-01
809159,CMRCL,AMER,MM,Salesperson,2023-09-01
809889,CMRCL,AMER,GB,Salesperson,2023-09-01
810466,CMRCL,AMER,MM,Salesperson,2023-09-01
810790,CMRCL,AMER,MM,Salesperson,2023-09-01
810981,CMRCL,AMER,GB,Salesperson,2023-09-01
811063,CMRCL,AMER,GB,Sales Performance Management AE,2023-09-01
811717,CMRCL,AMER,MM,Digital AE,2023-09-01
811968,CMRCL,EMEA,GB,MuleSoft AE,2023-09-01
812725,CMRCL,AMER,MM,Salesperson,2023-09-01
813437,CMRCL,AMER,MM,Salesperson,2023-09-01
813911,CMRCL,AMER,GB,Commerce Cloud AE,2023-09-01
814368,CMRCL,AMER,MM,Salesperson,2023-09-01
815633,CMRCL,AMER,GB,Salesperson,2023-09-01
816740,CMRCL,AMER,MM,Salesperson,2023-09-01
816881,CMRCL,AMER,MM,Salesperson,2023-09-01
816911,CMRCL,AMER,MM,Salesperson,2023-09-01
817076,CMRCL,AMER,MM,Digital AE,2023-09-01
817573,CMRCL,AMER,MM,Salesperson,2023-09-01
817680,CMRCL,AMER,MM,Salesperson,2023-09-01
818131,CMRCL,AMER,MM,Salesperson,2023-09-01
818181,CMRCL,AMER,GB,Salesperson,2023-09-01
818373,CMRCL,AMER,GB,MuleSoft AE,2023-09-01
818626,CMRCL,AMER,GB,MuleSoft AE,2023-09-01
819025,CMRCL,AMER,MM,Salesperson,2023-09-01
820063,CMRCL,AMER,GB,Regional MC AE,2023-09-01
820261,CMRCL,LATAM,MM,Salesperson,2023-09-01
820272,CMRCL,AMER,GB,Salesperson,2023-09-01
822145,CMRCL,AMER,GB,Salesperson,2023-09-01
822443,CMRCL,AMER,MM,Salesperson,2023-09-01
822557,CMRCL,AMER,MM,Salesperson,2023-09-01
822777,CMRCL,AMER,GB,Salesperson,2023-09-01
822957,CMRCL,AMER,GB,Salesperson,2023-09-01
823579,CMRCL,AMER,GB,Salesperson,2023-09-01
823784,CMRCL,AMER,GB,MuleSoft AE,2023-09-01
824627,CMRCL,AMER,MM,Salesperson,2023-09-01
824629,CMRCL,AMER,MM,Regional MC AE,2023-09-01
825295,CMRCL,AMER,MM,Salesperson,2023-09-01
825995,CMRCL,LATAM,GB,Regional MC AE,2023-09-01
826085,CMRCL,AMER,MM,Salesperson,2023-09-01
826347,CMRCL,AMER,GB,Platform AE,2023-09-01
826444,CMRCL,AMER,GB,Salesperson,2023-09-01
826733,CMRCL,AMER,GB,MuleSoft AE,2023-09-01
827026,CMRCL,AMER,MM,Digital AE,2023-09-01
827035,CMRCL,AMER,MM,Regional MC AE,2023-09-01
827951,CMRCL,AMER,MM,Salesperson,2023-09-01
829453,CMRCL,AMER,GB,Sales Productivity AE,2023-09-01
829635,CMRCL,EMEA,ENTR,Salesperson,2023-09-01
829717,CMRCL,AMER,GB,Salesperson,2023-09-01
830838,CMRCL,AMER,MM,Salesperson,2023-09-01
831037,CMRCL,AMER,MM,Salesperson,2023-09-01
831145,CMRCL,AMER,MM,Salesperson,2023-09-01
831272,CMRCL,AMER,MM,Salesperson,2023-09-01
831841,CMRCL,LATAM,GB,Salesperson,2023-09-01
832006,CMRCL,AMER,MM,Order Management AE,2023-09-01
832007,CMRCL,AMER,MM,Order Management AE,2023-09-01
832371,CMRCL,AMER,MM,Salesperson,2023-09-01
832446,CMRCL,AMER,GB,Salesperson,2023-09-01
832820,CMRCL,AMER,MM,Salesperson,2023-09-01
833309,CMRCL,AMER,MM,Regional MC AE,2023-09-01
833557,CMRCL,AMER,MM,Salesperson,2023-09-01
833872,CMRCL,AMER,GB,Regional MC AE,2023-09-01
834158,CMRCL,AMER,MM,Salesperson,2023-09-01
834676,CMRCL,AMER,MM,Salesperson,2023-09-01
835035,CMRCL,AMER,MM,Salesperson,2023-09-01
835482,CMRCL,AMER,MM,Salesperson,2023-09-01
835523,CMRCL,AMER,GB,Commerce Cloud AE,2023-09-01
835772,CMRCL,AMER,GB,Salesperson,2023-09-01
836794,CMRCL,UKI,MM,Salesperson,2023-09-01
839160,CMRCL,LATAM,MM,Salesperson,2023-09-01
841591,CMRCL,AMER,MM,Salesperson,2023-09-01
842464,CMRCL,UKI,MM,Salesperson,2023-09-01
843324,CMRCL,AMER,MM,Salesperson,2023-09-01
843701,CMRCL,AMER,GB,Salesperson,2023-09-01
844072,CMRCL,AMER,GB,Salesperson,2023-09-01
844077,CMRCL,AMER,MM,Salesperson,2023-09-01
844873,CMRCL,AMER,GB,Salesperson,2023-09-01
845060,CMRCL,AMER,GB,MuleSoft AE,2023-09-01
845339,CMRCL,AMER,MM,Salesperson,2023-09-01
845529,CMRCL,AMER,GB,Salesperson,2023-09-01
845565,CMRCL,AMER,MM,Salesperson,2023-09-01
845650,CMRCL,EMEA,MM,Salesperson,2023-09-01
846053,CMRCL,AMER,GB,Salesperson,2023-09-01
846338,CMRCL,AMER,MM,Salesperson,2023-09-01
846449,CMRCL,AMER,MM,Salesperson,2023-09-01
846871,CMRCL,AMER,MM,Salesperson,2023-09-01
846954,CMRCL,AMER,MM,Salesperson,2023-09-01
847109,CMRCL,AMER,GB,Salesperson,2023-09-01
848706,CMRCL,AMER,MM,Regional MC AE,2023-09-01
848824,CMRCL,AMER,GB,Salesperson,2023-09-01
848846,CMRCL,AMER,MM,Salesperson,2023-09-01
848979,CMRCL,LATAM,MM,Regional MC AE,2023-09-01
849139,CMRCL,UKI,GB,Regional MC AE,2023-09-01
849739,CMRCL,LATAM,MM,Salesperson,2023-09-01
849914,CMRCL,AMER,MM,Salesperson,2023-09-01
854375,CMRCL,AMER,MM,Salesperson,2023-09-01
854797,CMRCL,AMER,GB,MuleSoft AE,2023-09-01
856001,CMRCL,AMER,GB,Salesperson,2023-09-01
856678,CMRCL,AMER,MM,Salesperson,2023-09-01
856682,CMRCL,AMER,MM,Salesperson,2023-09-01
856828,CMRCL,AMER,MM,Regional MC AE,2023-09-01
856829,CMRCL,AMER,MM,Regional MC AE,2023-09-01
856937,CMRCL,AMER,MM,Salesperson,2023-09-01
857534,CMRCL,AMER,MM,Salesperson,2023-09-01
857892,CMRCL,AMER,MM,Salesperson,2023-09-01
858980,CMRCL,AMER,MM,Salesperson,2023-09-01
859055,CMRCL,AMER,MM,Salesperson,2023-09-01
704299,ECS,AMER,ECS,ECS,2023-09-01
717540,ECS,AMER,ECS,ECS,2023-09-01
718617,ECS,AMER,ECS,ECS,2023-09-01
723679,ECS,AMER,ECS,ECS,2023-09-01
726224,ECS,AMER,ECS,ECS,2023-09-01
739554,ECS,AMER,ECS,ECS,2023-09-01
740639,ECS,AMER,ECS,ECS,2023-09-01
743434,ECS,AMER,ECS,ECS,2023-09-01
747299,ECS,AMER,ECS,ECS,2023-09-01
747775,ECS,AMER,ECS,ECS,2023-09-01
748437,ECS,AMER,ECS,ECS,2023-09-01
754246,ECS,AMER,ECS,ECS,2023-09-01
757498,ECS,AMER,ECS,ECS,2023-09-01
758554,ECS,AMER,ECS,ECS,2023-09-01
764001,ECS,EMEA,ECS,ECS,2023-09-01
764223,ECS,EMEA,ECS,ECS,2023-09-01
764933,ECS,EMEA,ECS,ECS,2023-09-01
765649,ECS,EMEA,ECS,ECS,2023-09-01
766388,ECS,AMER,ECS,ECS,2023-09-01
768586,ECS,AMER,ECS,ECS,2023-09-01
777288,ECS,EMEA,ECS,ECS,2023-09-01
789908,ECS,UKI,ECS,ECS,2023-09-01
791002,ECS,AMER,ECS,ECS,2023-09-01
791919,ECS,AMER,ECS,ECS,2023-09-01
792673,ECS,AMER,ECS,ECS,2023-09-01
821413,ECS,EMEA,ECS,ECS,2023-09-01
845591,ECS,UKI,ECS,ECS,2023-09-01
700857,ESMB,UKI,SB,Salesperson,2023-09-01
702823,ESMB,AMER,GRB,Salesperson,2023-09-01
703009,ESMB,JAPAN,SB,Salesperson,2023-09-01
710357,ESMB,JAPAN,GRB,Salesperson,2023-09-01
711997,ESMB,AMER,GRB,Salesperson,2023-09-01
715059,ESMB,AMER,GRB,Regional MC AE,2023-09-01
715373,ESMB,AMER,SB,Regional MC AE,2023-09-01
716397,ESMB,JAPAN,GRB,Regional MC AE,2023-09-01
719227,ESMB,AMER,SB,Salesperson,2023-09-01
719879,ESMB,AMER,GRB,Salesperson,2023-09-01
721840,ESMB,AMER,SB,Salesperson,2023-09-01
722561,ESMB,UKI,GRB,Service Cloud AE,2023-09-01
724382,ESMB,AMER,GRB,Salesperson,2023-09-01
726573,ESMB,AMER,GRB,Salesperson,2023-09-01
726905,ESMB,AMER,GRB,Salesperson,2023-09-01
727737,ESMB,AMER,SB,Salesperson,2023-09-01
727995,ESMB,JAPAN,GRB,Salesperson,2023-09-01
728785,ESMB,AMER,SB,Regional MC AE,2023-09-01
728816,ESMB,JAPAN,SB,Salesperson,2023-09-01
729790,ESMB,UKI,SB,Salesperson,2023-09-01
730451,ESMB,AMER,GRB,Salesperson,2023-09-01
731071,ESMB,AMER,GRB,Regional MC AE,2023-09-01
731147,ESMB,AMER,GRB,Salesperson,2023-09-01
731325,ESMB,JAPAN,GRB,Salesperson,2023-09-01
732135,ESMB,AMER,GRB,Salesperson,2023-09-01
733483,ESMB,AMER,GRB,Commerce Cloud AE,2023-09-01
734445,ESMB,AMER,GRB,Salesperson,2023-09-01
734467,ESMB,AMER,GRB,Salesperson,2023-09-01
735421,ESMB,UKI,SB,Regional MC AE,2023-09-01
737641,ESMB,AMER,SB,Salesperson,2023-09-01
738004,ESMB,JAPAN,GRB,Salesperson,2023-09-01
738224,ESMB,UKI,SB,Salesperson,2023-09-01
739326,ESMB,AMER,SB,Salesperson,2023-09-01
739889,ESMB,JAPAN,SB,Salesperson,2023-09-01
740436,ESMB,AMER,GRB,Regional MC AE,2023-09-01
741414,ESMB,AMER,GRB,Regional MC AE,2023-09-01
742956,ESMB,AMER,GRB,Salesperson,2023-09-01
743518,ESMB,AMER,GRB,Salesperson,2023-09-01
743600,ESMB,AMER,GRB,Salesperson,2023-09-01
744159,ESMB,AMER,GRB,Regional MC AE,2023-09-01
744263,ESMB,AMER,GRB,Salesperson,2023-09-01
745401,ESMB,AMER,GRB,Salesperson,2023-09-01
746142,ESMB,AMER,SB,Salesperson,2023-09-01
747493,ESMB,AMER,GRB,Salesperson,2023-09-01
747658,ESMB,AMER,GRB,Salesperson,2023-09-01
748686,ESMB,AMER,GRB,Salesperson,2023-09-01
748821,ESMB,AMER,SB,Salesperson,2023-09-01
750031,ESMB,AMER,GRB,MuleSoft AE,2023-09-01
750034,ESMB,AMER,,MuleSoft AE,2023-09-01
750037,ESMB,AMER,GRB,Salesperson,2023-09-01
750419,ESMB,EMEA,SB,Salesperson,2023-09-01
750812,ESMB,AMER,GRB,Salesperson,2023-09-01
750978,ESMB,AMER,GRB,Salesperson,2023-09-01
751031,ESMB,EMEA,GRB,Salesperson,2023-09-01
751531,ESMB,AMER,GRB,Salesperson,2023-09-01
751559,ESMB,AMER,GRB,Salesperson,2023-09-01
751652,ESMB,AMER,GRB,Salesperson,2023-09-01
753177,ESMB,AMER,GRB,Salesperson,2023-09-01
753866,ESMB,LATAM,GRB,Salesperson,2023-09-01
753989,ESMB,AMER,GRB,Salesperson,2023-09-01
754096,ESMB,UKI,SB,Commerce Cloud AE,2023-09-01
754100,ESMB,EMEA,SB,Salesperson,2023-09-01
754126,ESMB,AMER,GRB,Salesperson,2023-09-01
754480,ESMB,LATAM,GRB,Regional MC AE,2023-09-01
755079,ESMB,AMER,GRB,Commerce Cloud AE,2023-09-01
755536,ESMB,AMER,GRB,Salesperson,2023-09-01
755678,ESMB,EMEA,SB,Salesperson,2023-09-01
755707,ESMB,AMER,GRB,Salesperson,2023-09-01
755797,ESMB,AMER,GRB,Salesperson,2023-09-01
755863,ESMB,AMER,GRB,Salesperson,2023-09-01
755875,ESMB,AMER,GRB,Salesperson,2023-09-01
756215,ESMB,UKI,SB,Salesperson,2023-09-01
756552,ESMB,JAPAN,GRB,Salesperson,2023-09-01
757227,ESMB,AMER,GRB,Salesperson,2023-09-01
757921,ESMB,AMER,SB,Salesperson,2023-09-01
758255,ESMB,AMER,GRB,Salesperson,2023-09-01
758314,ESMB,UKI,SB,Salesperson,2023-09-01
758417,ESMB,AMER,SB,Salesperson,2023-09-01
758483,ESMB,EMEA,GRB,Salesperson,2023-09-01
759306,ESMB,EMEA,SB,Salesperson,2023-09-01
759523,ESMB,AMER,GRB,Salesperson,2023-09-01
759630,ESMB,AMER,GRB,Salesperson,2023-09-01
760237,ESMB,AMER,GRB,Salesperson,2023-09-01
760565,ESMB,AMER,GRB,Salesperson,2023-09-01
760787,ESMB,AMER,SB,Salesperson,2023-09-01
760791,ESMB,AMER,SB,Salesperson,2023-09-01
760939,ESMB,AMER,GRB,Salesperson,2023-09-01
761010,ESMB,AMER,SB,Salesperson,2023-09-01
761648,ESMB,AMER,GRB,Salesperson,2023-09-01
762002,ESMB,AMER,GRB,Salesperson,2023-09-01
762039,ESMB,AMER,SB,Salesperson,2023-09-01
762357,ESMB,AMER,GRB,Salesperson,2023-09-01
763016,ESMB,UKI,SB,Regional MC AE,2023-09-01
763187,ESMB,AMER,GRB,Salesperson,2023-09-01
763283,ESMB,AMER,GRB,Salesperson,2023-09-01
763284,ESMB,AMER,GRB,MuleSoft AE,2023-09-01
763968,ESMB,LATAM,SB,Salesperson,2023-09-01
764859,ESMB,AMER,GRB,Commerce Cloud AE,2023-09-01
765040,ESMB,AMER,GRB,Salesperson,2023-09-01
765086,ESMB,AMER,GRB,Regional MC AE,2023-09-01
765257,ESMB,AMER,GRB,Salesperson,2023-09-01
765460,ESMB,AMER,GRB,Salesperson,2023-09-01
765942,ESMB,JAPAN,SB,Salesperson,2023-09-01
766145,ESMB,LATAM,GRB,Salesperson,2023-09-01
766523,ESMB,AMER,SB,Salesperson,2023-09-01
766822,ESMB,UKI,SB,Salesperson,2023-09-01
768137,ESMB,AMER,GRB,Salesperson,2023-09-01
768185,ESMB,AMER,GRB,Regional MC AE,2023-09-01
768237,ESMB,AMER,SB,Salesperson,2023-09-01
768351,ESMB,AMER,SB,Salesperson,2023-09-01
768517,ESMB,AMER,SB,Salesperson,2023-09-01
768838,ESMB,AMER,GRB,Salesperson,2023-09-01
769155,ESMB,AMER,GRB,Salesperson,2023-09-01
769311,ESMB,AMER,GRB,Salesperson,2023-09-01
769430,ESMB,AMER,SB,Salesperson,2023-09-01
769646,ESMB,AMER,GRB,Salesperson,2023-09-01
769825,ESMB,AMER,GRB,Salesperson,2023-09-01
770216,ESMB,AMER,GRB,Salesperson,2023-09-01
770435,ESMB,AMER,GRB,Salesperson,2023-09-01
770608,ESMB,AMER,SB,Salesperson,2023-09-01
770942,ESMB,JAPAN,GRB,Salesperson,2023-09-01
771271,ESMB,AMER,GRB,Salesperson,2023-09-01
771413,ESMB,AMER,SB,Salesperson,2023-09-01
771660,ESMB,AMER,SB,Salesperson,2023-09-01
771808,ESMB,AMER,GRB,Salesperson,2023-09-01
771832,ESMB,AMER,GRB,Regional MC AE,2023-09-01
771917,ESMB,AMER,GRB,Salesperson,2023-09-01
772084,ESMB,AMER,GRB,Salesperson,2023-09-01
772160,ESMB,AMER,GRB,Salesperson,2023-09-01
772227,ESMB,AMER,GRB,Salesperson,2023-09-01
772246,ESMB,UKI,SB,Salesperson,2023-09-01
772399,ESMB,UKI,SB,Salesperson,2023-09-01
772574,ESMB,AMER,SB,Salesperson,2023-09-01
772693,ESMB,AMER,GRB,Salesperson,2023-09-01
772768,ESMB,AMER,GRB,Salesperson,2023-09-01
772801,ESMB,AMER,GRB,Salesperson,2023-09-01
773330,ESMB,AMER,GRB,Salesperson,2023-09-01
773873,ESMB,JAPAN,GRB,Salesperson,2023-09-01
774027,ESMB,AMER,GRB,Salesperson,2023-09-01
774116,ESMB,AMER,GRB,Salesperson,2023-09-01
774179,ESMB,AMER,SB,Salesperson,2023-09-01
774680,ESMB,AMER,GRB,Salesperson,2023-09-01
774769,ESMB,UKI,SB,Salesperson,2023-09-01
774921,ESMB,AMER,SB,Salesperson,2023-09-01
774935,ESMB,AMER,SB,Salesperson,2023-09-01
775462,ESMB,AMER,SB,Salesperson,2023-09-01
775497,ESMB,AMER,SB,Salesperson,2023-09-01
775543,ESMB,APAC,GRB,Salesperson,2023-09-01
775787,ESMB,AMER,GRB,Salesperson,2023-09-01
776284,ESMB,AMER,GRB,Salesperson,2023-09-01
776365,ESMB,AMER,GRB,Salesperson,2023-09-01
776592,ESMB,AMER,SB,Salesperson,2023-09-01
776874,ESMB,AMER,GRB,Salesperson,2023-09-01
777007,ESMB,AMER,GRB,Salesperson,2023-09-01
777123,ESMB,AMER,GRB,Salesperson,2023-09-01
777221,ESMB,AMER,GRB,Salesperson,2023-09-01
777237,ESMB,AMER,SB,Salesperson,2023-09-01
777292,ESMB,AMER,GRB,Regional MC AE,2023-09-01
777398,ESMB,AMER,GRB,Salesperson,2023-09-01
777422,ESMB,AMER,SB,Salesperson,2023-09-01
777449,ESMB,AMER,SB,Salesperson,2023-09-01
777462,ESMB,AMER,GRB,Salesperson,2023-09-01
777497,ESMB,AMER,SB,Salesperson,2023-09-01
777513,ESMB,AMER,SB,Salesperson,2023-09-01
777592,ESMB,AMER,GRB,Regional MC AE,2023-09-01
777625,ESMB,AMER,SB,Salesperson,2023-09-01
777634,ESMB,AMER,GRB,Salesperson,2023-09-01
778122,ESMB,JAPAN,GRB,Salesperson,2023-09-01
778603,ESMB,AMER,GRB,Salesperson,2023-09-01
779239,ESMB,AMER,SB,Salesperson,2023-09-01
779261,ESMB,AMER,GRB,Commerce Cloud AE,2023-09-01
779544,ESMB,AMER,GRB,Salesperson,2023-09-01
779562,ESMB,AMER,GRB,Salesperson,2023-09-01
779900,ESMB,AMER,GRB,Salesperson,2023-09-01
779901,ESMB,AMER,GRB,Regional MC AE,2023-09-01
780475,ESMB,AMER,GRB,Salesperson,2023-09-01
785235,ESMB,AMER,SB,Salesperson,2023-09-01
785277,ESMB,AMER,GRB,Salesperson,2023-09-01
785416,ESMB,AMER,SB,Salesperson,2023-09-01
785466,ESMB,AMER,GRB,Digital AE,2023-09-01
785838,ESMB,AMER,GRB,Salesperson,2023-09-01
786154,ESMB,AMER,GRB,Salesperson,2023-09-01
786484,ESMB,AMER,GRB,Salesperson,2023-09-01
786528,ESMB,AMER,GRB,Salesperson,2023-09-01
786531,ESMB,AMER,SB,Salesperson,2023-09-01
786724,ESMB,AMER,SB,Salesperson,2023-09-01
786795,ESMB,AMER,GRB,Commerce Cloud AE,2023-09-01
786811,ESMB,AMER,GRB,Salesperson,2023-09-01
786891,ESMB,AMER,GRB,Salesperson,2023-09-01
787013,ESMB,AMER,GRB,MuleSoft AE,2023-09-01
787244,ESMB,AMER,SB,Regional MC AE,2023-09-01
787341,ESMB,AMER,GRB,Salesperson,2023-09-01
787796,ESMB,AMER,GRB,Salesperson,2023-09-01
787830,ESMB,AMER,SB,Salesperson,2023-09-01
787902,ESMB,AMER,SB,Salesperson,2023-09-01
788021,ESMB,APAC,SB,Salesperson,2023-09-01
788365,ESMB,UKI,SB,Salesperson,2023-09-01
789191,ESMB,AMER,SB,Salesperson,2023-09-01
789418,ESMB,AMER,GRB,Salesperson,2023-09-01
789607,ESMB,AMER,GRB,Regional MC AE,2023-09-01
790899,ESMB,AMER,SB,Salesperson,2023-09-01
791022,ESMB,AMER,GRB,Regional MC AE,2023-09-01
791074,ESMB,AMER,GRB,Tableau AE,2023-09-01
791075,ESMB,AMER,GRB,Salesperson,2023-09-01
791266,ESMB,AMER,SB,Salesperson,2023-09-01
791362,ESMB,EMEA,SB,Salesperson,2023-09-01
791605,ESMB,AMER,GRB,Salesperson,2023-09-01
792656,ESMB,UKI,SB,Salesperson,2023-09-01
793460,ESMB,AMER,SB,Digital AE,2023-09-01
793672,ESMB,AMER,GRB,Salesperson,2023-09-01
793873,ESMB,AMER,SB,Salesperson,2023-09-01
793879,ESMB,AMER,GRB,Regional MC AE,2023-09-01
803539,ESMB,AMER,GRB,Salesperson,2023-09-01
805493,ESMB,UKI,SB,Salesperson,2023-09-01
805523,ESMB,EMEA,SB,Salesperson,2023-09-01
805539,ESMB,EMEA,SB,Salesperson,2023-09-01
805546,ESMB,UKI,SB,Salesperson,2023-09-01
806009,ESMB,AMER,SB,Salesperson,2023-09-01
806064,ESMB,AMER,SB,Salesperson,2023-09-01
806235,ESMB,AMER,GRB,Salesperson,2023-09-01
806368,ESMB,AMER,GRB,MuleSoft AE,2023-09-01
806409,ESMB,AMER,SB,Salesperson,2023-09-01
806559,ESMB,UKI,GRB,Salesperson,2023-09-01
806680,ESMB,AMER,GRB,MuleSoft AE,2023-09-01
806697,ESMB,AMER,GRB,MuleSoft AE,2023-09-01
806972,ESMB,AMER,GRB,Salesperson,2023-09-01
807398,ESMB,AMER,GRB,MuleSoft Automation AE,2023-09-01
807706,ESMB,UKI,SB,Salesperson,2023-09-01
808043,ESMB,AMER,GRB,Regional MC AE,2023-09-01
808252,ESMB,AMER,GRB,Salesperson,2023-09-01
808498,ESMB,AMER,SB,Salesperson,2023-09-01
808729,ESMB,AMER,SB,Salesperson,2023-09-01
809154,ESMB,AMER,GRB,Salesperson,2023-09-01
809180,ESMB,AMER,GRB,Salesperson,2023-09-01
809260,ESMB,AMER,SB,Salesperson,2023-09-01
809570,ESMB,AMER,GRB,Salesperson,2023-09-01
809572,ESMB,AMER,GRB,Salesperson,2023-09-01
809586,ESMB,AMER,SB,Salesperson,2023-09-01
809766,ESMB,AMER,SB,Salesperson,2023-09-01
810416,ESMB,AMER,GRB,Regional MC AE,2023-09-01
810708,ESMB,JAPAN,GRB,Salesperson,2023-09-01
811119,ESMB,AMER,SB,Salesperson,2023-09-01
811525,ESMB,AMER,SB,Salesperson,2023-09-01
811548,ESMB,AMER,SB,Salesperson,2023-09-01
811559,ESMB,AMER,SB,Salesperson,2023-09-01
811587,ESMB,AMER,GRB,Regional MC AE,2023-09-01
811857,ESMB,AMER,SB,Salesperson,2023-09-01
811989,ESMB,AMER,SB,Salesperson,2023-09-01
812000,ESMB,AMER,SB,Salesperson,2023-09-01
812723,ESMB,AMER,SB,Salesperson,2023-09-01
812786,ESMB,AMER,SB,Salesperson,2023-09-01
813190,ESMB,AMER,SB,Salesperson,2023-09-01
813923,ESMB,AMER,GRB,Salesperson,2023-09-01
814052,ESMB,AMER,SB,Salesperson,2023-09-01
814085,ESMB,AMER,SB,Salesperson,2023-09-01
814612,ESMB,AMER,SB,Salesperson,2023-09-01
814667,ESMB,UKI,SB,Salesperson,2023-09-01
814970,ESMB,AMER,GRB,Salesperson,2023-09-01
815306,ESMB,AMER,GRB,Salesperson,2023-09-01
815315,ESMB,AMER,SB,Salesperson,2023-09-01
815623,ESMB,LATAM,GRB,Salesperson,2023-09-01
815717,ESMB,AMER,GRB,Salesperson,2023-09-01
815934,ESMB,AMER,GRB,Salesperson,2023-09-01
816163,ESMB,AMER,GRB,Salesperson,2023-09-01
816229,ESMB,UKI,SB,Salesperson,2023-09-01
816385,ESMB,UKI,SB,Salesperson,2023-09-01
816416,ESMB,AMER,SB,Salesperson,2023-09-01
816484,ESMB,AMER,GRB,Regional MC AE,2023-09-01
816827,ESMB,AMER,SB,Salesperson,2023-09-01
816988,ESMB,AMER,SB,Salesperson,2023-09-01
817072,ESMB,AMER,GRB,Salesperson,2023-09-01
817255,ESMB,AMER,SB,Salesperson,2023-09-01
817586,ESMB,AMER,SB,Salesperson,2023-09-01
817602,ESMB,AMER,GRB,Salesperson,2023-09-01
817895,ESMB,AMER,GRB,Salesperson,2023-09-01
820506,ESMB,UKI,SB,Salesperson,2023-09-01
821008,ESMB,AMER,GRB,Salesperson,2023-09-01
821628,ESMB,EMEA,SB,Salesperson,2023-09-01
821828,ESMB,AMER,GRB,MuleSoft AE,2023-09-01
822125,ESMB,AMER,SB,Salesperson,2023-09-01
822148,ESMB,AMER,GRB,Regional MC AE,2023-09-01
822149,ESMB,EMEA,SB,Salesperson,2023-09-01
822178,ESMB,EMEA,SB,Salesperson,2023-09-01
822742,ESMB,AMER,GRB,Salesperson,2023-09-01
822972,ESMB,AMER,GRB,Salesperson,2023-09-01
823225,ESMB,AMER,GRB,Salesperson,2023-09-01
823237,ESMB,AMER,SB,Salesperson,2023-09-01
823365,ESMB,AMER,SB,Salesperson,2023-09-01
823605,ESMB,AMER,SB,Salesperson,2023-09-01
823611,ESMB,EMEA,GRB,Salesperson,2023-09-01
824380,ESMB,AMER,GRB,Salesperson,2023-09-01
824409,ESMB,AMER,SB,Salesperson,2023-09-01
824752,ESMB,JAPAN,GRB,Tableau AE,2023-09-01
824921,ESMB,UKI,SB,Salesperson,2023-09-01
825140,ESMB,AMER,GRB,Salesperson,2023-09-01
825288,ESMB,AMER,SB,Salesperson,2023-09-01
825626,ESMB,UKI,SB,Salesperson,2023-09-01
825642,ESMB,AMER,SB,Salesperson,2023-09-01
825690,ESMB,LATAM,GRB,Regional MC AE,2023-09-01
826026,ESMB,AMER,SB,Salesperson,2023-09-01
826052,ESMB,AMER,SB,Salesperson,2023-09-01
826064,ESMB,AMER,GRB,Salesperson,2023-09-01
826433,ESMB,AMER,GRB,Salesperson,2023-09-01
826483,ESMB,AMER,GRB,Revenue Cloud AE,2023-09-01
826988,ESMB,AMER,GRB,Salesperson,2023-09-01
827266,ESMB,AMER,SB,Salesperson,2023-09-01
827553,ESMB,AMER,SB,Salesperson,2023-09-01
827624,ESMB,EMEA,SB,Salesperson,2023-09-01
828765,ESMB,AMER,GRB,Salesperson,2023-09-01
829108,ESMB,AMER,GRB,Salesperson,2023-09-01
829345,ESMB,AMER,GRB,Salesperson,2023-09-01
829801,ESMB,AMER,GRB,Salesperson,2023-09-01
829808,ESMB,AMER,SB,Salesperson,2023-09-01
829930,ESMB,AMER,GRB,Salesperson,2023-09-01
830004,ESMB,EMEA,SB,Salesperson,2023-09-01
830140,ESMB,AMER,SB,Salesperson,2023-09-01
830291,ESMB,EMEA,SB,Regional MC AE,2023-09-01
830354,ESMB,AMER,GRB,Salesperson,2023-09-01
830453,ESMB,AMER,GRB,Regional MC AE,2023-09-01
830773,ESMB,AMER,GRB,Salesperson,2023-09-01
830989,ESMB,AMER,GRB,Salesperson,2023-09-01
831561,ESMB,AMER,SB,Salesperson,2023-09-01
831777,ESMB,AMER,SB,Salesperson,2023-09-01
831796,ESMB,AMER,SB,Salesperson,2023-09-01
831913,ESMB,AMER,SB,Salesperson,2023-09-01
833274,ESMB,AMER,GRB,Salesperson,2023-09-01
833360,ESMB,AMER,GRB,Regional MC AE,2023-09-01
833647,ESMB,AMER,SB,Salesperson,2023-09-01
833679,ESMB,AMER,GRB,Salesperson,2023-09-01
833779,ESMB,AMER,SB,Salesperson,2023-09-01
833796,ESMB,AMER,GRB,Salesperson,2023-09-01
834059,ESMB,AMER,GRB,Salesperson,2023-09-01
834081,ESMB,AMER,GRB,Salesperson,2023-09-01
834091,ESMB,AMER,SB,Salesperson,2023-09-01
834102,ESMB,AMER,GRB,Salesperson,2023-09-01
834188,ESMB,AMER,GRB,Salesperson,2023-09-01
834202,ESMB,AMER,GRB,Salesperson,2023-09-01
834386,ESMB,AMER,GRB,Salesperson,2023-09-01
834393,ESMB,AMER,SB,Salesperson,2023-09-01
835594,ESMB,AMER,SB,Salesperson,2023-09-01
835596,ESMB,AMER,GRB,Regional MC AE,2023-09-01
835831,ESMB,AMER,GRB,Salesperson,2023-09-01
836540,ESMB,EMEA,SB,Salesperson,2023-09-01
838115,ESMB,AMER,GRB,Salesperson,2023-09-01
838138,ESMB,AMER,GRB,Salesperson,2023-09-01
838310,ESMB,AMER,GRB,Salesperson,2023-09-01
838592,ESMB,AMER,GRB,Salesperson,2023-09-01
838950,ESMB,AMER,GRB,Salesperson,2023-09-01
839426,ESMB,AMER,SB,Salesperson,2023-09-01
840340,ESMB,AMER,SB,Salesperson,2023-09-01
841299,ESMB,AMER,GRB,Salesperson,2023-09-01
841524,ESMB,AMER,GRB,Salesperson,2023-09-01
841710,ESMB,AMER,GRB,Regional MC AE,2023-09-01
841852,ESMB,UKI,SB,Salesperson,2023-09-01
842222,ESMB,AMER,GRB,Salesperson,2023-09-01
842639,ESMB,AMER,GRB,Salesperson,2023-09-01
842697,ESMB,AMER,GRB,Salesperson,2023-09-01
842854,ESMB,AMER,GRB,Salesperson,2023-09-01
842941,ESMB,AMER,GRB,Regional MC AE,2023-09-01
843007,ESMB,EMEA,GRB,Salesperson,2023-09-01
843266,ESMB,AMER,SB,Salesperson,2023-09-01
843721,ESMB,AMER,GRB,Salesperson,2023-09-01
844479,ESMB,AMER,SB,Salesperson,2023-09-01
844663,ESMB,AMER,SB,Salesperson,2023-09-01
844958,ESMB,AMER,SB,Salesperson,2023-09-01
844983,ESMB,AMER,GRB,Salesperson,2023-09-01
845398,ESMB,AMER,GRB,Salesperson,2023-09-01
845521,ESMB,AMER,GRB,Salesperson,2023-09-01
845592,ESMB,AMER,GRB,Salesperson,2023-09-01
845614,ESMB,AMER,GRB,Salesperson,2023-09-01
845783,ESMB,JAPAN,GRB,Salesperson,2023-09-01
846477,ESMB,AMER,GRB,Salesperson,2023-09-01
846771,ESMB,AMER,SB,Salesperson,2023-09-01
846784,ESMB,AMER,GRB,Salesperson,2023-09-01
846835,ESMB,AMER,GRB,Salesperson,2023-09-01
847191,ESMB,AMER,SB,Salesperson,2023-09-01
847922,ESMB,AMER,GRB,Salesperson,2023-09-01
848162,ESMB,AMER,SB,Salesperson,2023-09-01
848673,ESMB,AMER,GRB,Salesperson,2023-09-01
848718,ESMB,AMER,GRB,Salesperson,2023-09-01
848776,ESMB,AMER,GRB,Salesperson,2023-09-01
848779,ESMB,AMER,GRB,Salesperson,2023-09-01
849509,ESMB,AMER,SB,Salesperson,2023-09-01
849599,ESMB,LATAM,SB,Salesperson,2023-09-01
849683,ESMB,AMER,SB,Salesperson,2023-09-01
849740,ESMB,AMER,GRB,Salesperson,2023-09-01
849968,ESMB,AMER,GRB,Salesperson,2023-09-01
853457,ESMB,AMER,SB,Salesperson,2023-09-01
853692,ESMB,AMER,GRB,Regional MC AE,2023-09-01
853778,ESMB,AMER,GRB,Salesperson,2023-09-01
854207,ESMB,AMER,GRB,Commerce Cloud AE,2023-09-01
854242,ESMB,AMER,GRB,Salesperson,2023-09-01
854368,ESMB,AMER,GRB,Regional MC AE,2023-09-01
854378,ESMB,AMER,GRB,Salesperson,2023-09-01
854516,ESMB,AMER,GRB,Salesperson,2023-09-01
854560,ESMB,AMER,GRB,Salesperson,2023-09-01
854667,ESMB,AMER,GRB,Salesperson,2023-09-01
854683,ESMB,AMER,GRB,Salesperson,2023-09-01
854829,ESMB,AMER,SB,Salesperson,2023-09-01
854851,ESMB,AMER,GRB,Regional MC AE,2023-09-01
855003,ESMB,AMER,GRB,Salesperson,2023-09-01
855041,ESMB,AMER,GRB,Salesperson,2023-09-01
855682,ESMB,AMER,GRB,Salesperson,2023-09-01
855683,ESMB,AMER,GRB,Salesperson,2023-09-01
855780,ESMB,AMER,GRB,Salesperson,2023-09-01
855802,ESMB,AMER,GRB,Salesperson,2023-09-01
855811,ESMB,AMER,GRB,Salesperson,2023-09-01
855894,ESMB,AMER,SB,Salesperson,2023-09-01
855901,ESMB,AMER,GRB,Salesperson,2023-09-01
856392,ESMB,AMER,GRB,Regional MC AE,2023-09-01
856431,ESMB,AMER,GRB,Salesperson,2023-09-01
856504,ESMB,AMER,GRB,Salesperson,2023-09-01
856720,ESMB,AMER,GRB,Salesperson,2023-09-01
856725,ESMB,AMER,GRB,Salesperson,2023-09-01
856727,ESMB,AMER,GRB,Salesperson,2023-09-01
856849,ESMB,AMER,GRB,Regional MC AE,2023-09-01
856856,ESMB,AMER,GRB,Salesperson,2023-09-01
856891,ESMB,AMER,GRB,Salesperson,2023-09-01
856932,ESMB,AMER,GRB,Regional MC AE,2023-09-01
856977,ESMB,AMER,GRB,Salesperson,2023-09-01
857000,ESMB,AMER,GRB,Salesperson,2023-09-01
857024,ESMB,AMER,GRB,Salesperson,2023-09-01
857246,ESMB,AMER,GRB,Salesperson,2023-09-01
857342,ESMB,AMER,GRB,Salesperson,2023-09-01
857641,ESMB,AMER,SB,Salesperson,2023-09-01
857714,ESMB,AMER,GRB,Salesperson,2023-09-01
857738,ESMB,AMER,SB,Salesperson,2023-09-01
857942,ESMB,AMER,GRB,Salesperson,2023-09-01
857978,ESMB,AMER,SB,Salesperson,2023-09-01
858026,ESMB,AMER,SB,Salesperson,2023-09-01
858333,ESMB,AMER,SB,Salesperson,2023-09-01
858464,ESMB,AMER,GRB,Salesperson,2023-09-01
858697,ESMB,AMER,GRB,Salesperson,2023-09-01
858773,ESMB,AMER,GRB,Salesperson,2023-09-01
858854,ESMB,AMER,GRB,Salesperson,2023-09-01
701912,,AMER,MM,Slack AE,2023-09-01
704962,,AMER,ENTR,Slack AE,2023-09-01
710824,,JAPAN,GB,Salesperson,2023-09-01
714341,,WW,SB,MuleSoft AE,2023-09-01
721147,,WW,,OU Strategic Customers Executive,2023-09-01
725082,,WW,,OU Strategic Customers Executive,2023-09-01
725262,,AMER,ENTR,Slack AE,2023-09-01
726310,,WW,,OU Strategic Customers Executive,2023-09-01
726974,,EMEA,ENTR,Tableau CRMA AE,2023-09-01
728272,,AMER,ENTR,Slack AE,2023-09-01
734126,,WW,,OU Strategic Customers Executive,2023-09-01
734155,,AMER,ENTR,Tableau AE,2023-09-01
734383,,WW,,OU Strategic Customers Executive,2023-09-01
738942,,AMER,ENTR,Slack AE,2023-09-01
739485,,AMER,MM,Slack AE,2023-09-01
742925,,AMER,MM,Slack AE,2023-09-01
744201,,WW,,OU Strategic Customers Executive,2023-09-01
746575,,AMER,GB,Slack AE,2023-09-01
747271,,AMER,MM,Slack AE,2023-09-01
747295,,WW,,OU Strategic Customers Executive,2023-09-01
747370,,AMER,ENTR,Slack AE,2023-09-01
750727,,WW,,OU Strategic Customers Executive,2023-09-01
751019,,AMER,ENTR,Slack AE,2023-09-01
751285,,WW,,EPC Micro Industry Specialist,2023-09-01
751756,,AMER,ENTR,Slack AE,2023-09-01
752178,,WW,ENTR,PE Relationship Support,2023-09-01
753673,,AMER,GB,Tableau AE,2023-09-01
755469,,WW,,EPC Micro Industry Specialist,2023-09-01
756174,,AMER,GB,Slack AE,2023-09-01
756350,,AMER,ENTR,Tableau AE,2023-09-01
756818,,AMER,GB,Slack AE,2023-09-01
756936,,EMEA,,Alliances Partner Sales,2023-09-01
759160,,WW,,OU Strategic Customers Executive,2023-09-01
762629,,AMER,ENTR,Slack AE,2023-09-01
763885,,UKI,,OU Strategic Customers Executive,2023-09-01
767288,,WW,,OU Strategic Customers Executive,2023-09-01
772148,,WW,,OU Strategic Customers Executive,2023-09-01
772750,,AMER,GRB,Tableau AE,2023-09-01
773132,,UKI,ENTR,Tableau AE,2023-09-01
774076,,AMER,GRB,Tableau AE,2023-09-01
775451,,WW,,OU Strategic Customers Executive,2023-09-01
777010,,AMER,MM,Slack AE,2023-09-01
778429,,WW,,OU Strategic Customers Executive,2023-09-01
778748,,WW,,OU Strategic Customers Executive,2023-09-01
780215,,AMER,ENTR,Tableau CRMA AE,2023-09-01
780912,,AMER,MM,Slack AE,2023-09-01
781287,,LATAM,ENTR,Tableau AE,2023-09-01
782040,,AMER,GB,Tableau AE,2023-09-01
782098,,AMER,ENTR,Tableau AE,2023-09-01
782766,,AMER,SB,Tableau AE,2023-09-01
782943,,AMER,MM,Tableau AE,2023-09-01
783195,,AMER,GB,Tableau AE,2023-09-01
783353,,AMER,MM,Tableau AE,2023-09-01
783873,,AMER,GB,Tableau AE,2023-09-01
784732,,AMER,ENTR,Tableau AE,2023-09-01
787104,,AMER,ENTR,Service Prime AE,2023-09-01
787164,,WW,,ISV Business Development,2023-09-01
788982,,AMER,GRB,Tableau AE,2023-09-01
790118,,AMER,ENTR,Salesperson,2023-09-01
790678,,AMER,ENTR,Tableau AE,2023-09-01
791812,,AMER,,Alliances Partner Sales,2023-09-01
791928,,AMER,GB,Tableau AE,2023-09-01
792860,,AMER,MM,Tableau AE,2023-09-01
793903,,AMER,,Alliances Partner Sales,2023-09-01
806047,,AMER,GRB,Tableau AE,2023-09-01
806515,,EMEA,GB,Tableau AE,2023-09-01
807198,,AMER,MM,Slack AE,2023-09-01
807752,,WW,,OU Strategic Customers Executive,2023-09-01
807774,,WW,,OU Strategic Customers Executive,2023-09-01
809550,,AMER,SB,Tableau AE,2023-09-01
809580,,AMER,MM,Tableau AE,2023-09-01
810618,,AMER,ENTR,Tableau AE,2023-09-01
810945,,WW,,OU Strategic Customers Executive,2023-09-01
811970,,WW,,OU Strategic Customers Executive,2023-09-01
812401,,WW,,OU Strategic Customers Executive,2023-09-01
813295,,WW,,OU Strategic Customers Executive,2023-09-01
814260,,AMER,MM,Slack AE,2023-09-01
814806,,AMER,MM,Slack AE,2023-09-01
815084,,AMER,MM,Slack AE,2023-09-01
815562,,AMER,GB,Slack AE,2023-09-01
816145,,AMER,GB,Slack AE,2023-09-01
816465,,AMER,MM,Slack AE,2023-09-01
817256,,AMER,MM,Slack AE,2023-09-01
817323,,AMER,SB,Tableau AE,2023-09-01
818106,,AMER,ENTR,Tableau AE,2023-09-01
820973,,AMER,MM,Slack AE,2023-09-01
822894,,AMER,GB,Tableau AE,2023-09-01
823175,,WW,ENTR,PE Relationship Mgr,2023-09-01
823276,,AMER,MM,Slack AE,2023-09-01
823653,,EMEA,ENTR,Slack AE,2023-09-01
824346,,AMER,MM,Slack AE,2023-09-01
824990,,AMER,GRB,Slack AE,2023-09-01
826000,,AMER,ENTR,Tableau AE,2023-09-01
827044,,LATAM,MM,Slack AE,2023-09-01
827289,,WW,,OU Strategic Customers Executive,2023-09-01
827619,,AMER,GRB,Slack AE,2023-09-01
829810,,AMER,GB,Slack AE,2023-09-01
830698,,AMER,MM,Slack AE,2023-09-01
831858,,AMER,ENTR,Tableau AE,2023-09-01
831982,,AMER,MM,Tableau AE,2023-09-01
832209,,AMER,MM,Tableau AE,2023-09-01
832294,,AMER,MM,Slack AE,2023-09-01
832876,,EMEA,GB,Slack AE,2023-09-01
833477,,AMER,MM,Slack AE,2023-09-01
834196,,AMER,GRB,Tableau AE,2023-09-01
834706,,AMER,MM,Slack AE,2023-09-01
835223,,WW,,OU Strategic Customers Executive,2023-09-01
835265,,WW,,OU Strategic Customers Executive,2023-09-01
835669,,AMER,MM,Slack AE,2023-09-01
835711,,LATAM,ENTR,Slack AE,2023-09-01
839014,,AMER,MM,Tableau AE,2023-09-01
839284,,AMER,MM,Slack AE,2023-09-01
842034,,AMER,MM,Tableau AE,2023-09-01
842096,,AMER,MM,Slack AE,2023-09-01
842146,,UKI,ENTR,Tableau CRMA AE,2023-09-01
843170,,AMER,MM,Slack AE,2023-09-01
843891,,WW,,OU Strategic Customers Executive,2023-09-01
844929,,AMER,GB,Tableau AE,2023-09-01
845059,,AMER,SB,Tableau AE,2023-09-01
845354,,AMER,GB,Slack AE,2023-09-01
845370,,LATAM,ENTR,Tableau AE,2023-09-01
845501,,AMER,GRB,Slack AE,2023-09-01
846106,,AMER,GB,Slack AE,2023-09-01
846115,,AMER,ENTR,Tableau AE,2023-09-01
846622,,AMER,MM,Slack AE,2023-09-01
847594,,AMER,GRB,Slack AE,2023-09-01
849418,,AMER,MM,Tableau AE,2023-09-01
850510,,AMER,ENTR,Slack AE,2023-09-01
850651,,AMER,MM,Slack AE,2023-09-01
850784,,LATAM,GB,Slack AE,2023-09-01
851084,,AMER,ENTR,Slack AE,2023-09-01
851114,,AMER,GB,Slack AE,2023-09-01
851125,,AMER,GB,Slack AE,2023-09-01
851240,,AMER,ENTR,Slack AE,2023-09-01
851392,,AMER,MM,Slack AE,2023-09-01
851471,,AMER,MM,Slack AE,2023-09-01
851527,,AMER,MM,Slack AE,2023-09-01
851577,,AMER,GB,Slack AE,2023-09-01
851642,,AMER,GB,Slack AE,2023-09-01
851678,,AMER,MM,Slack AE,2023-09-01
851851,,AMER,MM,Slack AE,2023-09-01
852281,,AMER,MM,Slack AE,2023-09-01
852349,,AMER,MM,Slack AE,2023-09-01
852350,,AMER,MM,Slack AE,2023-09-01
852356,,AMER,GB,Slack AE,2023-09-01
852415,,AMER,MM,Slack AE,2023-09-01
852507,,AMER,MM,Slack AE,2023-09-01
852534,,AMER,MM,Slack AE,2023-09-01
852580,,AMER,MM,Slack AE,2023-09-01
852655,,AMER,MM,Slack AE,2023-09-01
852782,,AMER,GB,Slack AE,2023-09-01
852808,,AMER,MM,Slack AE,2023-09-01
852824,,AMER,MM,Slack AE,2023-09-01
853001,,AMER,MM,Slack AE,2023-09-01
853012,,AMER,GB,Slack AE,2023-09-01
853214,,AMER,MM,Slack AE,2023-09-01
730051,PUB_SEC,AMER,,Digital AE,2023-09-01
747945,PUB_SEC,AMER,,Salesperson,2023-09-01
774055,PUB_SEC,AMER,ECS,ECS,2023-09-01
777232,PUB_SEC,AMER,,Salesperson,2023-09-01
777405,PUB_SEC,AMER,ECS,ECS,2023-09-01
786641,PUB_SEC,AMER,,Salesperson,2023-09-01
788681,PUB_SEC,AMER,ECS,ECS,2023-09-01
793334,PUB_SEC,AMER,,MuleSoft AE,2023-09-01
808994,PUB_SEC,AMER,,Salesperson,2023-09-01
811762,PUB_SEC,AMER,ECS,ECS,2023-09-01
818546,PUB_SEC,AMER,ECS,ECS,2023-09-01
819755,PUB_SEC,AMER,ECS,ECS,2023-09-01
824640,PUB_SEC,AMER,ECS,ECS,2023-09-01
100793,,,,,
101012,,,,,
101113,,,,,
101233,,,,,
101306,,,,,
101938,,,,,
102673,,,,,
102812,,,,,
700075,,,,,
700985,,,,,
701133,,,,,
702350,,,,,
703242,,,,,
703592,,,,,
703606,,,,,
703692,,,,,
704274,,,,,
705801,,,,,
705932,,,,,
706063,,,,,
706065,,,,,
706973,,,,,
707148,,,,,
707788,,,,,
708015,,,,,
708021,,,,,
708035,,,,,
708168,,,,,
708312,,,,,
709181,,,,,
709502,,,,,
709776,,,,,
709836,,,,,
710663,,,,,
710733,,,,,
710921,,,,,
711231,,,,,
711526,,,,,
712030,,,,,
712650,,,,,
713136,,,,,
713188,,,,,
714130,,,,,
714257,,,,,
714266,,,,,
714678,,,,,
714889,,,,,
715978,,,,,
716338,,,,,
716502,,,,,
716591,,,,,
717601,,,,,
717664,,,,,
717732,,,,,
718037,,,,,
718043,,,,,
718115,,,,,
718270,,,,,
718541,,,,,
718610,,,,,
718805,,,,,
718844,,,,,
719058,,,,,
720071,,,,,
720216,,,,,
720450,,,,,
720480,,,,,
720680,,,,,
720839,,,,,
720896,,,,,
721181,,,,,
721306,,,,,
721465,,,,,
721467,,,,,
722080,,,,,
723714,,,,,
723958,,,,,
724017,,,,,
724370,,,,,
724917,,,,,
725144,,,,,
725831,,,,,
725847,,,,,
725974,,,,,
726090,,,,,
726092,,,,,
726132,,,,,
726268,,,,,
726510,,,,,
726663,,,,,
727039,,,,,
727254,,,,,
727295,,,,,
727932,,,,,
728027,,,,,
728030,,,,,
728344,,,,,
728364,,,,,
728380,,,,,
728545,,,,,
728598,,,,,
728680,,,,,
728761,,,,,
728771,,,,,
729249,,,,,
729286,,,,,
729847,,,,,
729981,,,,,
730060,,,,,
730465,,,,,
730596,,,,,
730635,,,,,
730638,,,,,
730999,,,,,
731170,,,,,
731877,,,,,
732164,,,,,
732218,,,,,
732257,,,,,
732259,,,,,
732336,,,,,
732407,,,,,
734049,,,,,
735101,,,,,
735274,,,,,
735432,,,,,
735825,,,,,
736582,,,,,
736780,,,,,
736801,,,,,
736874,,,,,
736902,,,,,
737300,,,,,
737415,,,,,
737585,,,,,
737724,,,,,
737876,,,,,
738110,,,,,
738209,,,,,
738650,,,,,
738659,,,,,
738660,,,,,
738838,,,,,
738932,,,,,
739370,,,,,
739438,,,,,
739693,,,,,
739719,,,,,
739868,,,,,
740001,,,,,
740061,,,,,
740190,,,,,
740253,,,,,
740554,,,,,
740735,,,,,
740787,,,,,
741172,,,,,
741403,,,,,
741432,,,,,
741503,,,,,
742043,,,,,
742653,,,,,
742834,,,,,
743148,,,,,
743197,,,,,
743210,,,,,
743296,,,,,
743346,,,,,
743353,,,,,
743364,,,,,
743426,,,,,
743553,,,,,
743598,,,,,
743980,,,,,
744219,,,,,
745034,,,,,
745896,,,,,
746020,,,,,
746199,,,,,
746283,,,,,
746535,,,,,
746605,,,,,
747190,,,,,
747497,,,,,
747639,,,,,
747721,,,,,
747934,,,,,
748049,,,,,
748074,,,,,
748168,,,,,
748826,,,,,
748986,,,,,
749764,,,,,
750225,,,,,
750278,,,,,
750359,,,,,
750365,,,,,
750522,,,,,
750615,,,,,
750750,,,,,
750858,,,,,
751344,,,,,
751856,,,,,
751890,,,,,
751930,,,,,
752174,,,,,
752176,,,,,
752678,,,,,
753532,,,,,
753963,,,,,
754206,,,,,
754419,,,,,
754465,,,,,
754633,,,,,
754648,,,,,
754724,,,,,
755653,,,,,
755735,,,,,
755868,,,,,
755953,,,,,
756333,,,,,
756481,,,,,
756620,,,,,
756709,,,,,
756855,,,,,
756903,,,,,
757125,,,,,
757261,,,,,
757497,,,,,
757601,,,,,
758114,,,,,
758201,,,,,
758230,,,,,
758251,,,,,
758291,,,,,
758444,,,,,
759296,,,,,
759383,,,,,
759464,,,,,
759467,,,,,
759511,,,,,
759544,,,,,
759701,,,,,
759911,,,,,
759914,,,,,
760076,,,,,
760505,,,,,
760577,,,,,
761438,,,,,
761507,,,,,
761599,,,,,
761766,,,,,
761894,,,,,
762008,,,,,
762173,,,,,
762209,,,,,
762227,,,,,
762244,,,,,
762284,,,,,
762595,,,,,
762637,,,,,
762662,,,,,
762802,,,,,
762821,,,,,
762824,,,,,
762876,,,,,
762901,,,,,
762935,,,,,
763109,,,,,
763445,,,,,
763720,,,,,
763826,,,,,
764006,,,,,
764391,,,,,
764556,,,,,
764621,,,,,
764639,,,,,
765038,,,,,
765112,,,,,
765261,,,,,
765481,,,,,
765528,,,,,
765550,,,,,
765557,,,,,
765562,,,,,
765821,,,,,
765948,,,,,
766104,,,,,
766361,,,,,
766404,,,,,
766450,,,,,
766518,,,,,
766645,,,,,
766811,,,,,
766820,,,,,
766835,,,,,
766958,,,,,
767028,,,,,
767085,,,,,
767507,,,,,
767771,,,,,
767915,,,,,
767937,,,,,
767957,,,,,
768083,,,,,
768157,,,,,
768181,,,,,
768325,,,,,
768653,,,,,
769122,,,,,
769188,,,,,
769199,,,,,
769344,,,,,
770307,,,,,
770404,,,,,
770548,,,,,
770557,,,,,
770705,,,,,
770877,,,,,
771073,,,,,
771102,,,,,
771122,,,,,
771479,,,,,
771504,,,,,
771651,,,,,
771771,,,,,
772175,,,,,
772276,,,,,
772282,,,,,
772300,,,,,
772364,,,,,
772447,,,,,
772453,,,,,
772805,,,,,
773378,,,,,
774168,,,,,
774220,,,,,
774476,,,,,
774734,,,,,
775045,,,,,
775056,,,,,
775064,,,,,
775201,,,,,
775224,,,,,
775407,,,,,
775433,,,,,
775466,,,,,
775489,,,,,
775494,,,,,
775535,,,,,
775863,,,,,
776168,,,,,
776216,,,,,
776710,,,,,
776715,,,,,
776763,,,,,
776812,,,,,
776936,,,,,
777032,,,,,
777038,,,,,
777056,,,,,
777058,,,,,
777088,,,,,
777138,,,,,
777152,,,,,
777165,,,,,
777220,,,,,
777283,,,,,
777539,,,,,
777861,,,,,
778298,,,,,
778448,,,,,
778574,,,,,
778697,,,,,
779039,,,,,
779098,,,,,
779102,,,,,
779172,,,,,
779280,,,,,
779306,,,,,
779385,,,,,
779387,,,,,
779540,,,,,
779632,,,,,
779695,,,,,
779764,,,,,
780179,,,,,
780893,,,,,
780995,,,,,
781308,,,,,
781810,,,,,
782230,,,,,
782232,,,,,
782380,,,,,
782797,,,,,
783443,,,,,
785030,,,,,
785146,,,,,
785185,,,,,
785295,,,,,
785516,,,,,
785591,,,,,
785720,,,,,
785723,,,,,
785843,,,,,
785905,,,,,
785943,,,,,
786322,,,,,
786456,,,,,
786502,,,,,
786504,,,,,
786513,,,,,
786516,,,,,
786774,,,,,
786998,,,,,
787252,,,,,
787290,,,,,
787908,,,,,
787955,,,,,
788617,,,,,
788860,,,,,
789100,,,,,
789194,,,,,
789341,,,,,
789448,,,,,
789604,,,,,
789623,,,,,
789624,,,,,
790090,,,,,
790098,,,,,
790104,,,,,
790132,,,,,
790176,,,,,
790378,,,,,
790452,,,,,
790545,,,,,
790675,,,,,
790737,,,,,
790890,,,,,
790996,,,,,
791083,,,,,
791212,,,,,
791264,,,,,
791294,,,,,
791307,,,,,
791373,,,,,
792164,,,,,
792320,,,,,
792416,,,,,
792517,,,,,
792891,,,,,
793567,,,,,
793629,,,,,
793635,,,,,
793877,,,,,
795095,,,,,
801914,,,,,
803549,,,,,
803651,,,,,
803727,,,,,
804148,,,,,
804213,,,,,
804571,,,,,
804883,,,,,
805879,,,,,
805967,,,,,
806283,,,,,
806412,,,,,
806467,,,,,
807003,,,,,
807133,,,,,
807390,,,,,
807851,,,,,
807982,,,,,
808069,,,,,
808079,,,,,
808090,,,,,
808109,,,,,
808473,,,,,
808602,,,,,
808659,,,,,
808726,,,,,
808751,,,,,
808780,,,,,
808846,,,,,
809173,,,,,
809787,,,,,
809919,,,,,
810301,,,,,
810983,,,,,
811162,,,,,
811250,,,,,
811304,,,,,
811534,,,,,
811700,,,,,
812200,,,,,
812212,,,,,
812388,,,,,
812456,,,,,
812558,,,,,
812687,,,,,
812785,,,,,
812883,,,,,
813006,,,,,
813091,,,,,
813150,,,,,
813165,,,,,
813976,,,,,
814077,,,,,
814223,,,,,
814512,,,,,
814614,,,,,
814634,,,,,
814935,,,,,
814941,,,,,
815288,,,,,
815346,,,,,
815418,,,,,
816138,,,,,
816819,,,,,
816826,,,,,
817048,,,,,
817078,,,,,
817290,,,,,
817297,,,,,
817600,,,,,
817673,,,,,
817687,,,,,
817741,,,,,
817859,,,,,
817872,,,,,
817910,,,,,
818001,,,,,
818090,,,,,
818174,,,,,
818492,,,,,
818648,,,,,
818708,,,,,
818861,,,,,
819611,,,,,
819680,,,,,
820263,,,,,
820290,,,,,
820364,,,,,
820451,,,,,
820589,,,,,
820678,,,,,
820679,,,,,
821296,,,,,
821322,,,,,
821438,,,,,
822038,,,,,
822111,,,,,
822418,,,,,
822601,,,,,
822763,,,,,
823018,,,,,
823330,,,,,
823506,,,,,
823519,,,,,
823854,,,,,
824251,,,,,
824791,,,,,
824899,,,,,
824947,,,,,
825038,,,,,
825122,,,,,
825261,,,,,
825435,,,,,
825443,,,,,
825454,,,,,
825471,,,,,
825502,,,,,
825514,,,,,
825639,,,,,
825645,,,,,
825731,,,,,
825758,,,,,
825768,,,,,
825919,,,,,
826033,,,,,
826299,,,,,
826378,,,,,
826735,,,,,
826809,,,,,
827074,,,,,
827161,,,,,
827423,,,,,
827698,,,,,
827775,,,,,
828394,,,,,
828610,,,,,
828612,,,,,
828632,,,,,
828732,,,,,
829182,,,,,
829269,,,,,
829289,,,,,
829305,,,,,
829532,,,,,
829538,,,,,
829578,,,,,
829652,,,,,
829742,,,,,
829948,,,,,
829970,,,,,
830627,,,,,
830629,,,,,
830639,,,,,
830788,,,,,
830895,,,,,
831115,,,,,
831440,,,,,
831556,,,,,
831589,,,,,
831645,,,,,
831680,,,,,
831757,,,,,
832055,,,,,
832272,,,,,
832460,,,,,
832942,,,,,
833134,,,,,
833442,,,,,
833484,,,,,
833519,,,,,
833568,,,,,
833640,,,,,
833882,,,,,
833921,,,,,
834085,,,,,
834118,,,,,
834390,,,,,
834468,,,,,
834703,,,,,
834802,,,,,
834851,,,,,
834918,,,,,
834977,,,,,
835036,,,,,
835123,,,,,
835173,,,,,
835187,,,,,
835273,,,,,
835315,,,,,
835318,,,,,
835331,,,,,
835368,,,,,
835488,,,,,
835583,,,,,
835587,,,,,
835588,,,,,
835776,,,,,
836003,,,,,
836169,,,,,
836643,,,,,
836646,,,,,
836680,,,,,
837766,,,,,
838011,,,,,
838194,,,,,
838259,,,,,
838474,,,,,
839100,,,,,
839984,,,,,
840407,,,,,
840515,,,,,
840709,,,,,
841014,,,,,
841035,,,,,
841050,,,,,
841267,,,,,
841303,,,,,
841563,,,,,
841677,,,,,
841973,,,,,
842247,,,,,
842366,,,,,
842439,,,,,
842555,,,,,
842643,,,,,
842712,,,,,
843291,,,,,
843424,,,,,
843467,,,,,
843593,,,,,
843608,,,,,
843688,,,,,
844174,,,,,
844447,,,,,
844473,,,,,
844701,,,,,
844734,,,,,
844735,,,,,
844933,,,,,
845058,,,,,
845085,,,,,
845253,,,,,
845300,,,,,
845303,,,,,
845377,,,,,
845411,,,,,
845499,,,,,
845540,,,,,
845993,,,,,
846122,,,,,
846156,,,,,
846206,,,,,
846350,,,,,
846361,,,,,
846489,,,,,
846610,,,,,
846792,,,,,
846849,,,,,
847005,,,,,
847415,,,,,
847942,,,,,
848146,,,,,
848289,,,,,
848845,,,,,
848875,,,,,
849129,,,,,
849138,,,,,
849182,,,,,
849349,,,,,
849391,,,,,
849409,,,,,
849417,,,,,
849564,,,,,
849644,,,,,
849690,,,,,
849691,,,,,
849720,,,,,
849721,,,,,
849775,,,,,
850453,,,,,
850921,,,,,
851093,,,,,
851238,,,,,
851404,,,,,
851668,,,,,
851685,,,,,
852238,,,,,
852288,,,,,
852483,,,,,
852521,,,,,
852633,,,,,
852867,,,,,
853337,,,,,
853339,,,,,
853345,,,,,
854090,,,,,
854098,,,,,
854102,,,,,
854157,,,,,
854190,,,,,
854194,,,,,
854199,,,,,
854258,,,,,
854307,,,,,
854374,,,,,
854388,,,,,
854446,,,,,
854842,,,,,
854867,,,,,
854885,,,,,
855040,,,,,
855048,,,,,
855892,,,,,
855944,,,,,
855985,,,,,
856204,,,,,
856286,,,,,
856315,,,,,
856408,,,,,
856412,,,,,
856415,,,,,
856482,,,,,
856641,,,,,
856766,,,,,
856836,,,,,
856845,,,,,
856858,,,,,
856871,,,,,
856879,,,,,
856906,,,,,
856912,,,,,
856919,,,,,
856925,,,,,
856930,,,,,
856979,,,,,
856986,,,,,
856998,,,,,
857004,,,,,
857058,,,,,
857196,,,,,
857256,,,,,
857267,,,,,
857779,,,,,
857787,,,,,
857863,,,,,
857923,,,,,
857975,,,,,
857990,,,,,
858015,,,,,
858130,,,,,
858337,,,,,
858463,,,,,
858472,,,,,
858694,,,,,
858853,,,,,
858968,,,,,
858981,,,,,
858993,,,,,
859013,,,,,
859024,,,,,
859473,,,,,
860137,,,,,
860138,,,,,
ORG712756,,,,,
